Gemnr;Gemeente;Bev_2020;van_datum;tot_datum;Totaal_Absoluut;Totaal_inc100000;Zkh_Absoluut;Zkh_inc100000;Overleden_Absoluut;Overleden_inc100000
518;'s-Gravenhage;545838;21-10-2020;03-11-2020;4818;882,7;102;18,7;28;5,1
14;Groningen;232874;21-10-2020;03-11-2020;602;258,5;2;0,9;1;0,4
1729;Gulpen-Wittem;14171;21-10-2020;03-11-2020;65;458,7;1;7,1;1;7,1
158;Haaksbergen;24311;21-10-2020;03-11-2020;212;872;1;4,1;3;12,3
392;Haarlem;162902;21-10-2020;03-11-2020;993;609,6;15;9,2;6;3,7
394;Haarlemmermeer;156002;21-10-2020;03-11-2020;1063;681,4;13;8,3;4;2,6
1655;Halderberge;30284;21-10-2020;03-11-2020;320;1056,7;2;6,6;1;3,3
160;Hardenberg;60948;21-10-2020;03-11-2020;310;508,6;2;3,3;1;1,6
243;Harderwijk;48414;21-10-2020;03-11-2020;206;425,5;1;2,1;2;4,1
523;Hardinxveld-Giessendam;18295;21-10-2020;03-11-2020;191;1044;0;0;3;16,4
72;Harlingen;15722;21-10-2020;03-11-2020;37;235,3;1;6,4;1;6,4
244;Hattem;12209;21-10-2020;03-11-2020;52;425,9;0;0;0;0
396;Heemskerk;39182;21-10-2020;03-11-2020;313;798,8;0;0;3;7,7
397;Heemstede;27234;21-10-2020;03-11-2020;113;414,9;2;7,3;0;0
246;Heerde;18589;21-10-2020;03-11-2020;58;312;0;0;0;0
74;Heerenveen;50493;21-10-2020;03-11-2020;106;209,9;0;0;0;0
398;Heerhugowaard;57587;21-10-2020;03-11-2020;347;602,6;3;5,2;1;1,7
917;Heerlen;87086;21-10-2020;03-11-2020;359;412,2;1;1,1;3;3,4
1658;Heeze-Leende;16152;21-10-2020;03-11-2020;157;972;1;6,2;0;0
399;Heiloo;23968;21-10-2020;03-11-2020;121;504,8;0;0;1;4,2
163;Hellendoorn;35916;21-10-2020;03-11-2020;299;832,5;0;0;2;5,6
530;Hellevoetsluis;40142;21-10-2020;03-11-2020;273;680,1;2;5;2;5
794;Helmond;92423;21-10-2020;03-11-2020;869;940,2;4;4,3;4;4,3
531;Hendrik-Ido-Ambacht;31202;21-10-2020;03-11-2020;355;1137,7;1;3,2;3;9,6
164;Hengelo (O.);81140;21-10-2020;03-11-2020;622;766,6;2;2,5;1;1,2
796;'s-Hertogenbosch;155111;21-10-2020;03-11-2020;1101;709,8;10;6,4;7;4,5
1966;Het Hogeland;47801;21-10-2020;03-11-2020;192;401,7;0;0;1;2,1
252;Heumen;16454;21-10-2020;03-11-2020;96;583,4;0;0;0;0
797;Heusden;44692;21-10-2020;03-11-2020;414;926,3;5;11,2;2;4,5
534;Hillegom;22209;21-10-2020;03-11-2020;133;598,9;1;4,5;0;0
798;Hilvarenbeek;15518;21-10-2020;03-11-2020;168;1082,6;1;6,4;4;25,8
402;Hilversum;90831;21-10-2020;03-11-2020;537;591,2;4;4,4;0;0
1963;Hoeksche Waard;87401;21-10-2020;03-11-2020;613;701,4;6;6,9;2;2,3
1735;Hof van Twente;35017;21-10-2020;03-11-2020;261;745,4;2;5,7;1;2,9
1911;Hollands Kroon;48432;21-10-2020;03-11-2020;218;450,1;1;2,1;0;0
118;Hoogeveen;55699;21-10-2020;03-11-2020;248;445,3;5;9;2;3,6
405;Hoorn;73261;21-10-2020;03-11-2020;481;656,6;1;1,4;2;2,7
1507;Horst aan de Maas;42429;21-10-2020;03-11-2020;347;817,8;4;9,4;0;0
321;Houten;50146;21-10-2020;03-11-2020;413;823,6;3;6;16;31,9
406;Huizen;41273;21-10-2020;03-11-2020;360;872,2;3;7,3;4;9,7
677;Hulst;27556;21-10-2020;03-11-2020;188;682,2;7;25,4;0;0
353;IJsselstein;34109;21-10-2020;03-11-2020;267;782,8;4;11,7;4;11,7
1884;Kaag en Braassem;27297;21-10-2020;03-11-2020;212;776,6;2;7,3;0;0
166;Kampen;54319;21-10-2020;03-11-2020;149;274,3;1;1,8;0;0
678;Kapelle;12695;21-10-2020;03-11-2020;31;244,2;0;0;0;0
537;Katwijk;65753;21-10-2020;03-11-2020;822;1250,1;7;10,6;7;10,6
928;Kerkrade;45749;21-10-2020;03-11-2020;174;380,3;7;15,3;0;0
1598;Koggenland;22749;21-10-2020;03-11-2020;154;677;3;13,2;1;4,4
542;Krimpen aan den IJssel;29526;21-10-2020;03-11-2020;284;961,9;4;13,5;9;30,5
1931;Krimpenerwaard;56319;21-10-2020;03-11-2020;430;763,5;8;14,2;3;5,3
1659;Laarbeek;22523;21-10-2020;03-11-2020;171;759,2;0;0;0;0
1685;Landerd;15730;21-10-2020;03-11-2020;146;928,2;0;0;0;0
882;Landgraaf;37445;21-10-2020;03-11-2020;145;387,2;3;8;1;2,7
415;Landsmeer;11491;21-10-2020;03-11-2020;96;835,4;0;0;0;0
416;Langedijk;28163;21-10-2020;03-11-2020;210;745,7;0;0;0;0
1621;Lansingerland;62384;21-10-2020;03-11-2020;575;921,7;7;11,2;8;12,8
417;Laren;11280;21-10-2020;03-11-2020;94;833,3;0;0;1;8,9
80;Leeuwarden;124084;21-10-2020;03-11-2020;285;229,7;2;1,6;3;2,4
546;Leiden;125099;21-10-2020;03-11-2020;1077;860,9;8;6,4;2;1,6
547;Leiderdorp;27056;21-10-2020;03-11-2020;237;876;6;22,2;1;3,7
1916;Leidschendam-Voorburg;76534;21-10-2020;03-11-2020;527;688,6;7;9,1;6;7,8
995;Lelystad;78598;21-10-2020;03-11-2020;417;530,5;7;8,9;2;2,5
1640;Leudal;35879;21-10-2020;03-11-2020;166;462,7;1;2,8;5;13,9
327;Leusden;30401;21-10-2020;03-11-2020;211;694,1;1;3,3;2;6,6
1705;Lingewaard;46601;21-10-2020;03-11-2020;342;733,9;1;2,1;3;6,4
553;Lisse;22955;21-10-2020;03-11-2020;186;810,3;0;0;1;4,4
262;Lochem;33729;21-10-2020;03-11-2020;123;364,7;2;5,9;1;3
809;Loon op Zand;23408;21-10-2020;03-11-2020;254;1085,1;1;4,3;9;38,4
331;Lopik;14467;21-10-2020;03-11-2020;129;891,7;2;13,8;0;0
168;Losser;22683;21-10-2020;03-11-2020;213;939;3;13,2;1;4,4
263;Maasdriel;25030;21-10-2020;03-11-2020;235;938,9;6;24;2;8
1641;Maasgouw;23965;21-10-2020;03-11-2020;80;333,8;0;0;0;0
556;Maassluis;33213;21-10-2020;03-11-2020;312;939,4;6;18,1;2;6
935;Maastricht;121575;21-10-2020;03-11-2020;533;438,4;4;3,3;1;0,8
420;Medemblik;45101;21-10-2020;03-11-2020;301;667,4;2;4,4;0;0
938;Meerssen;18828;21-10-2020;03-11-2020;46;244,3;0;0;0;0
1948;Meierijstad;81194;21-10-2020;03-11-2020;593;730,3;5;6,2;1;1,2
119;Meppel;33920;21-10-2020;03-11-2020;123;362,6;0;0;0;0
687;Middelburg;48822;21-10-2020;03-11-2020;167;342,1;7;14,3;0;0
1842;Midden-Delfland;19341;21-10-2020;03-11-2020;156;806,6;2;10,3;2;10,3
1731;Midden-Drenthe;33185;21-10-2020;03-11-2020;137;412,8;0;0;0;0
1952;Midden-Groningen;60797;21-10-2020;03-11-2020;125;205,6;1;1,6;0;0
815;Mill en Sint Hubert;10939;21-10-2020;03-11-2020;86;786,2;4;36,6;1;9,1
1709;Moerdijk;37129;21-10-2020;03-11-2020;386;1039,6;3;8,1;6;16,2
1978;Molenlanden;43909;21-10-2020;03-11-2020;482;1097,7;4;9,1;2;4,6
1955;Montferland;36011;21-10-2020;03-11-2020;237;658,1;2;5,6;1;2,8
335;Montfoort;13917;21-10-2020;03-11-2020;124;891;1;7,2;0;0
944;Mook en Middelaar;7847;21-10-2020;03-11-2020;52;662,7;1;12,7;1;12,7
1740;Neder-Betuwe;24339;21-10-2020;03-11-2020;180;739,6;2;8,2;0;0
946;Nederweert;17019;21-10-2020;03-11-2020;148;869,6;1;5,9;0;0
356;Nieuwegein;63462;21-10-2020;03-11-2020;473;745,3;3;4,7;3;4,7
569;Nieuwkoop;28811;21-10-2020;03-11-2020;241;836,5;1;3,5;1;3,5
267;Nijkerk;43171;21-10-2020;03-11-2020;274;634,7;3;6,9;0;0
268;Nijmegen;177659;21-10-2020;03-11-2020;1045;588,2;12;6,8;11;6,2
1930;Nissewaard;85219;21-10-2020;03-11-2020;961;1127,7;10;11,7;7;8,2
1970;Noardeast-Fryslân;45228;21-10-2020;03-11-2020;92;203,4;1;2,2;0;0
1695;Noord-Beveland;7392;21-10-2020;03-11-2020;35;473,5;0;0;0;0
1699;Noordenveld;31253;21-10-2020;03-11-2020;36;115,2;0;0;0;0
171;Noordoostpolder;47291;21-10-2020;03-11-2020;136;287,6;2;4,2;1;2,1
575;Noordwijk;43508;21-10-2020;03-11-2020;396;910,2;3;6,9;2;4,6
820;Nuenen, Gerwen en Nederwetten;23383;21-10-2020;03-11-2020;161;688,5;1;4,3;0;0
302;Nunspeet;27851;21-10-2020;03-11-2020;113;405,7;1;3,6;1;3,6
579;Oegstgeest;24840;21-10-2020;03-11-2020;170;684,4;4;16,1;0;0
823;Oirschot;18714;21-10-2020;03-11-2020;142;758,8;0;0;3;16
824;Oisterwijk;32130;21-10-2020;03-11-2020;258;803;1;3,1;2;6,2
1895;Oldambt;38209;21-10-2020;03-11-2020;66;172,7;1;2,6;0;0
269;Oldebroek;23646;21-10-2020;03-11-2020;74;312,9;0;0;1;4,2
173;Oldenzaal;31836;21-10-2020;03-11-2020;278;873,2;1;3,1;6;18,8
1773;Olst-Wijhe;18252;21-10-2020;03-11-2020;73;400;0;0;0;0
175;Ommen;18009;21-10-2020;03-11-2020;83;460,9;0;0;0;0
1586;Oost Gelre;29627;21-10-2020;03-11-2020;246;830,3;1;3,4;6;20,3
826;Oosterhout;55982;21-10-2020;03-11-2020;581;1037,8;1;1,8;0;0
85;Ooststellingwerf;25469;21-10-2020;03-11-2020;76;298,4;0;0;0;0
431;Oostzaan;9735;21-10-2020;03-11-2020;79;811,5;0;0;0;0
432;Opmeer;11836;21-10-2020;03-11-2020;80;675,9;0;0;1;8,4
86;Opsterland;29733;21-10-2020;03-11-2020;40;134,5;1;3,4;0;0
828;Oss;91915;21-10-2020;03-11-2020;905;984,6;5;5,4;3;3,3
1509;Oude IJsselstreek;39388;21-10-2020;03-11-2020;201;510,3;2;5,1;0;0
437;Ouder-Amstel;14026;21-10-2020;03-11-2020;92;655,9;1;7,1;0;0
589;Oudewater;10230;21-10-2020;03-11-2020;71;694;1;9,8;1;9,8
1734;Overbetuwe;47906;21-10-2020;03-11-2020;226;471,8;1;2,1;2;4,2
590;Papendrecht;32136;21-10-2020;03-11-2020;367;1142;1;3,1;2;6,2
1894;Peel en Maas;43425;21-10-2020;03-11-2020;237;545,8;1;2,3;0;0
765;Pekela;12196;21-10-2020;03-11-2020;32;262,4;2;16,4;1;8,2
1926;Pijnacker-Nootdorp;55308;21-10-2020;03-11-2020;466;842,6;4;7,2;0;0
439;Purmerend;81249;21-10-2020;03-11-2020;538;662,2;6;7,4;1;1,2
273;Putten;24112;21-10-2020;03-11-2020;135;559,9;1;4,1;0;0
177;Raalte;37712;21-10-2020;03-11-2020;178;472;0;0;2;5,3
703;Reimerswaal;22730;21-10-2020;03-11-2020;101;444,3;2;8,8;2;8,8
274;Renkum;31419;21-10-2020;03-11-2020;161;512,4;3;9,5;1;3,2
339;Renswoude;5444;21-10-2020;03-11-2020;46;845;0;0;0;0
1667;Reusel-De Mierden;13112;21-10-2020;03-11-2020;168;1281,3;0;0;1;7,6
275;Rheden;43761;21-10-2020;03-11-2020;267;610,1;1;2,3;0;0
340;Rhenen;20119;21-10-2020;03-11-2020;146;725,7;1;5;0;0
597;Ridderkerk;46189;21-10-2020;03-11-2020;486;1052,2;4;8,7;5;10,8
1742;Rijssen-Holten;38177;21-10-2020;03-11-2020;394;1032;1;2,6;2;5,2
603;Rijswijk;54450;21-10-2020;03-11-2020;490;899,9;2;3,7;19;34,9
1669;Roerdalen;20574;21-10-2020;03-11-2020;77;374,3;0;0;0;0
957;Roermond;58260;21-10-2020;03-11-2020;258;442,8;0;0;0;0
1674;Roosendaal;77251;21-10-2020;03-11-2020;842;1090;3;3,9;8;10,4
599;Rotterdam;651157;21-10-2020;03-11-2020;7885;1210,9;124;19;94;14,4
277;Rozendaal;1704;21-10-2020;03-11-2020;1;58,7;0;0;0;0
840;Rucphen;22878;21-10-2020;03-11-2020;226;987,8;4;17,5;0;0
441;Schagen;46483;21-10-2020;03-11-2020;349;750,8;1;2,2;3;6,5
279;Scherpenzeel;9880;21-10-2020;03-11-2020;72;728,7;0;0;1;10,1
606;Schiedam;78730;21-10-2020;03-11-2020;993;1261,3;17;21,6;3;3,8
88;Schiermonnikoog;947;21-10-2020;03-11-2020;2;211,2;0;0;0;0
1676;Schouwen-Duiveland;33839;21-10-2020;03-11-2020;156;461;2;5,9;2;5,9
965;Simpelveld;10555;21-10-2020;03-11-2020;42;397,9;0;0;0;0
1702;Sint Anthonis;11664;21-10-2020;03-11-2020;72;617,3;0;0;0;0
845;Sint-Michielsgestel;29208;21-10-2020;03-11-2020;247;845,7;0;0;0;0
1883;Sittard-Geleen;92429;21-10-2020;03-11-2020;316;341,9;5;5,4;1;1,1
610;Sliedrecht;25220;21-10-2020;03-11-2020;279;1106,3;1;4;4;15,9
1714;Sluis;23210;21-10-2020;03-11-2020;72;310,2;1;4,3;0;0
90;Smallingerland;56150;21-10-2020;03-11-2020;140;249,3;0;0;1;1,8
342;Soest;46606;21-10-2020;03-11-2020;394;845,4;4;8,6;13;27,9
847;Someren;19368;21-10-2020;03-11-2020;140;722,8;0;0;0;0
848;Son en Breugel;17322;21-10-2020;03-11-2020;124;715,9;1;5,8;3;17,3
37;Stadskanaal;31686;21-10-2020;03-11-2020;188;593,3;3;9,5;5;15,8
180;Staphorst;17145;21-10-2020;03-11-2020;122;711,6;0;0;0;0
532;Stede Broec;21726;21-10-2020;03-11-2020;140;644,4;1;4,6;0;0
851;Steenbergen;24416;21-10-2020;03-11-2020;230;942;0;0;1;4,1
1708;Steenwijkerland;44126;21-10-2020;03-11-2020;123;278,7;2;4,5;1;2,3
971;Stein;25007;21-10-2020;03-11-2020;104;415,9;2;8;1;4
1904;Stichtse Vecht;64931;21-10-2020;03-11-2020;488;751,6;5;7,7;3;4,6
1900;Súdwest-Fryslân;89987;21-10-2020;03-11-2020;386;429;2;2,2;4;4,4
715;Terneuzen;54426;21-10-2020;03-11-2020;191;350,9;5;9,2;0;0
93;Terschelling;4888;21-10-2020;03-11-2020;16;327,3;0;0;1;20,5
448;Texel;13575;21-10-2020;03-11-2020;30;221;0;0;0;0
1525;Teylingen;37440;21-10-2020;03-11-2020;309;825,3;1;2,7;0;0
716;Tholen;25757;21-10-2020;03-11-2020;206;799,8;3;11,6;1;3,9
281;Tiel;42159;21-10-2020;03-11-2020;475;1126,7;5;11,9;1;2,4
855;Tilburg;221243;21-10-2020;03-11-2020;1974;892,2;20;9;9;4,1
183;Tubbergen;21275;21-10-2020;03-11-2020;288;1353,7;1;4,7;1;4,7
1700;Twenterand;33743;21-10-2020;03-11-2020;339;1004,7;0;0;2;5,9
1730;Tynaarlo;33887;21-10-2020;03-11-2020;84;247,9;0;0;3;8,9
737;Tytsjerksteradiel;32052;21-10-2020;03-11-2020;66;205,9;0;0;2;6,2
856;Uden;42119;21-10-2020;03-11-2020;235;557,9;2;4,7;1;2,4
450;Uitgeest;13666;21-10-2020;03-11-2020;83;607,3;0;0;2;14,6
451;Uithoorn;29478;21-10-2020;03-11-2020;211;715,8;1;3,4;1;3,4
184;Urk;21031;21-10-2020;03-11-2020;129;613,4;4;19;0;0
344;Utrecht;357597;21-10-2020;03-11-2020;3313;926,5;36;10,1;15;4,2
1581;Utrechtse Heuvelrug;49580;21-10-2020;03-11-2020;311;627,3;1;2;3;6,1
981;Vaals;10105;21-10-2020;03-11-2020;24;237,5;0;0;0;0
994;Valkenburg aan de Geul;16367;21-10-2020;03-11-2020;71;433,8;0;0;1;6,1
858;Valkenswaard;31193;21-10-2020;03-11-2020;290;929,7;0;0;2;6,4
47;Veendam;27384;21-10-2020;03-11-2020;58;211,8;1;3,7;0;0
345;Veenendaal;66493;21-10-2020;03-11-2020;675;1015,1;9;13,5;1;1,5
717;Veere;21880;21-10-2020;03-11-2020;27;123,4;0;0;0;0
861;Veldhoven;45466;21-10-2020;03-11-2020;419;921,6;3;6,6;1;2,2
453;Velsen;68648;21-10-2020;03-11-2020;482;702,1;6;8,7;2;2,9
983;Venlo;101802;21-10-2020;03-11-2020;753;739,7;8;7,9;5;4,9
984;Venray;43614;21-10-2020;03-11-2020;432;990,5;3;6,9;3;6,9
1961;Vijfheerenlanden;56811;21-10-2020;03-11-2020;458;806,2;2;3,5;2;3,5
622;Vlaardingen;73397;21-10-2020;03-11-2020;991;1350,2;12;16,3;10;13,6
96;Vlieland;1155;21-10-2020;03-11-2020;4;346,3;0;0;0;0
718;Vlissingen;44360;21-10-2020;03-11-2020;135;304,3;4;9;1;2,3
986;Voerendaal;12475;21-10-2020;03-11-2020;57;456,9;1;8;0;0
626;Voorschoten;25596;21-10-2020;03-11-2020;161;629;1;3,9;0;0
285;Voorst;24552;21-10-2020;03-11-2020;113;460,2;1;4,1;0;0
865;Vught;31420;21-10-2020;03-11-2020;254;808,4;2;6,4;2;6,4
1949;Waadhoeke;46090;21-10-2020;03-11-2020;118;256;0;0;2;4,3
866;Waalre;17456;21-10-2020;03-11-2020;144;824,9;0;0;3;17,2
867;Waalwijk;48637;21-10-2020;03-11-2020;514;1056,8;5;10,3;5;10,3
627;Waddinxveen;29291;21-10-2020;03-11-2020;246;839,8;6;20,5;0;0
289;Wageningen;39664;21-10-2020;03-11-2020;203;511,8;4;10,1;2;5
629;Wassenaar;26305;21-10-2020;03-11-2020;146;555;1;3,8;0;0
852;Waterland;17424;21-10-2020;03-11-2020;145;832,2;2;11,5;4;23
988;Weert;50105;21-10-2020;03-11-2020;433;864,2;4;8;2;4
457;Weesp;19738;21-10-2020;03-11-2020;188;952,5;1;5,1;0;0
1960;West Betuwe;51128;21-10-2020;03-11-2020;377;737,4;8;15,6;0;0
668;West Maas en Waal;19324;21-10-2020;03-11-2020;126;652;1;5,2;1;5,2
1969;Westerkwartier;63329;21-10-2020;03-11-2020;108;170,5;1;1,6;2;3,2
1701;Westerveld;19460;21-10-2020;03-11-2020;48;246,7;0;0;1;5,1
293;Westervoort;14971;21-10-2020;03-11-2020;79;527,7;1;6,7;0;0
1950;Westerwolde;25733;21-10-2020;03-11-2020;71;275,9;1;3,9;2;7,8
1783;Westland;110375;21-10-2020;03-11-2020;995;901,5;9;8,2;5;4,5
98;Weststellingwerf;25914;21-10-2020;03-11-2020;111;428,3;0;0;3;11,6
614;Westvoorne;14731;21-10-2020;03-11-2020;87;590,6;2;13,6;0;0
189;Wierden;24446;21-10-2020;03-11-2020;285;1165,8;1;4,1;1;4,1
296;Wijchen;41110;21-10-2020;03-11-2020;249;605,7;5;12,2;2;4,9
1696;Wijdemeren;24358;21-10-2020;03-11-2020;147;603,5;2;8,2;2;8,2
352;Wijk bij Duurstede;23914;21-10-2020;03-11-2020;167;698,3;0;0;3;12,5
294;Winterswijk;28854;21-10-2020;03-11-2020;193;668,9;1;3,5;0;0
873;Woensdrecht;21876;21-10-2020;03-11-2020;191;873,1;2;9,1;5;22,9
632;Woerden;52299;21-10-2020;03-11-2020;342;653,9;2;3,8;1;1,9
880;Wormerland;16270;21-10-2020;03-11-2020;119;731,4;1;6,1;2;12,3
351;Woudenberg;13362;21-10-2020;03-11-2020;112;838,2;1;7,5;0;0
479;Zaanstad;156794;21-10-2020;03-11-2020;1423;907,6;16;10,2;16;10,2
297;Zaltbommel;28881;21-10-2020;03-11-2020;201;696;0;0;0;0
473;Zandvoort;17116;21-10-2020;03-11-2020;86;502,5;3;17,5;0;0
50;Zeewolde;22653;21-10-2020;03-11-2020;95;419,4;0;0;0;0
355;Zeist;64905;21-10-2020;03-11-2020;396;610,1;3;4,6;3;4,6
299;Zevenaar;43750;21-10-2020;03-11-2020;223;509,7;3;6,9;2;4,6
637;Zoetermeer;125285;21-10-2020;03-11-2020;955;762,3;8;6,4;2;1,6
638;Zoeterwoude;8605;21-10-2020;03-11-2020;63;732,1;0;0;0;0
1892;Zuidplas;43885;21-10-2020;03-11-2020;338;770,2;5;11,4;0;0
879;Zundert;21829;21-10-2020;03-11-2020;172;787,9;3;13,7;0;0
301;Zutphen;47934;21-10-2020;03-11-2020;285;594,6;2;4,2;1;2,1
1896;Zwartewaterland;22685;21-10-2020;03-11-2020;156;687,7;2;8,8;0;0
642;Zwijndrecht;44737;21-10-2020;03-11-2020;530;1184,7;7;15,6;8;17,9
193;Zwolle;128840;21-10-2020;03-11-2020;606;470,4;3;2,3;2;1,6
1680;Aa en Hunze;25445;07-10-2020;20-10-2020;105;412,7;0;0;1;3,9
358;Aalsmeer;31859;07-10-2020;20-10-2020;214;671,7;1;3,1;1;3,1
197;Aalten;27121;07-10-2020;20-10-2020;165;608,4;2;7,4;0;0
59;Achtkarspelen;27843;07-10-2020;20-10-2020;87;312,5;0;0;0;0
482;Alblasserdam;20165;07-10-2020;20-10-2020;202;1001,7;0;0;1;5
613;Albrandswaard;25590;07-10-2020;20-10-2020;260;1016;2;7,8;3;11,7
361;Alkmaar;109436;07-10-2020;20-10-2020;486;444,1;4;3,7;1;0,9
141;Almelo;73107;07-10-2020;20-10-2020;487;666,1;2;2,7;3;4,1
34;Almere;211893;07-10-2020;20-10-2020;1208;570,1;17;8;1;0,5
484;Alphen aan den Rijn;111897;07-10-2020;20-10-2020;788;704,2;9;8;6;5,4
1723;Alphen-Chaam;10203;07-10-2020;20-10-2020;52;509,7;0;0;0;0
1959;Altena;55967;07-10-2020;20-10-2020;356;636,1;0;0;7;12,5
60;Ameland;3716;07-10-2020;20-10-2020;17;457,5;0;0;0;0
307;Amersfoort;157276;07-10-2020;20-10-2020;940;597,7;5;3,2;3;1,9
362;Amstelveen;91675;07-10-2020;20-10-2020;606;661;7;7,6;5;5,5
363;Amsterdam;872757;07-10-2020;20-10-2020;8430;965,9;123;14,1;12;1,4
200;Apeldoorn;163818;07-10-2020;20-10-2020;520;317,4;6;3,7;2;1,2
202;Arnhem;161348;07-10-2020;20-10-2020;692;428,9;9;5,6;0;0
106;Assen;68599;07-10-2020;20-10-2020;277;403,8;2;2,9;0;0
743;Asten;16721;07-10-2020;20-10-2020;68;406,7;0;0;0;0
744;Baarle-Nassau;6859;07-10-2020;20-10-2020;29;422,8;0;0;0;0
308;Baarn;24868;07-10-2020;20-10-2020;148;595,1;2;8;2;8
489;Barendrecht;48714;07-10-2020;20-10-2020;477;979,2;2;4,1;6;12,3
203;Barneveld;59082;07-10-2020;20-10-2020;301;509,5;4;6,8;1;1,7
888;Beek;15865;07-10-2020;20-10-2020;65;409,7;1;6,3;0;0
1954;Beekdaelen;35938;07-10-2020;20-10-2020;92;256;0;0;2;5,6
370;Beemster;10022;07-10-2020;20-10-2020;38;379,2;0;0;0;0
889;Beesel;13482;07-10-2020;20-10-2020;87;645,3;0;0;0;0
1945;Berg en Dal;34992;07-10-2020;20-10-2020;241;688,7;4;11,4;2;5,7
1724;Bergeijk;18635;07-10-2020;20-10-2020;106;568,8;0;0;0;0
893;Bergen (L.);13085;07-10-2020;20-10-2020;68;519,7;1;7,6;0;0
373;Bergen (NH.);29839;07-10-2020;20-10-2020;199;666,9;2;6,7;5;16,8
748;Bergen op Zoom;67496;07-10-2020;20-10-2020;558;826,7;7;10,4;2;3
1859;Berkelland;43747;07-10-2020;20-10-2020;250;571,5;4;9,1;2;4,6
1721;Bernheze;31240;07-10-2020;20-10-2020;184;589;1;3,2;1;3,2
753;Best;29988;07-10-2020;20-10-2020;153;510,2;3;10;1;3,3
209;Beuningen;25890;07-10-2020;20-10-2020;99;382,4;0;0;1;3,9
375;Beverwijk;41626;07-10-2020;20-10-2020;240;576,6;3;7,2;1;2,4
1728;Bladel;20390;07-10-2020;20-10-2020;239;1172,1;1;4,9;1;4,9
376;Blaricum;11540;07-10-2020;20-10-2020;58;502,6;0;0;0;0
377;Bloemendaal;23571;07-10-2020;20-10-2020;115;487,9;2;8,5;1;4,2
1901;Bodegraven-Reeuwijk;34872;07-10-2020;20-10-2020;226;648,1;4;11,5;1;2,9
755;Boekel;10785;07-10-2020;20-10-2020;47;435,8;2;18,5;0;0
1681;Borger-Odoorn;25559;07-10-2020;20-10-2020;151;590,8;1;3,9;1;3,9
147;Borne;23312;07-10-2020;20-10-2020;185;793,6;1;4,3;0;0
654;Borsele;22739;07-10-2020;20-10-2020;39;171,5;0;0;0;0
756;Boxmeer;29365;07-10-2020;20-10-2020;163;555,1;0;0;1;3,4
757;Boxtel;32970;07-10-2020;20-10-2020;158;479,2;1;3;0;0
758;Breda;184069;07-10-2020;20-10-2020;1266;687,8;12;6,5;7;3,8
501;Brielle;17271;07-10-2020;20-10-2020;135;781,7;5;29;1;5,8
1876;Bronckhorst;36055;07-10-2020;20-10-2020;231;640,7;1;2,8;0;0
213;Brummen;20726;07-10-2020;20-10-2020;51;246,1;1;4,8;0;0
899;Brunssum;27821;07-10-2020;20-10-2020;78;280,4;3;10,8;3;10,8
312;Bunnik;15191;07-10-2020;20-10-2020;67;441,1;2;13,2;0;0
313;Bunschoten;21866;07-10-2020;20-10-2020;212;969,5;1;4,6;0;0
214;Buren;26749;07-10-2020;20-10-2020;154;575,7;2;7,5;0;0
502;Capelle aan den IJssel;67122;07-10-2020;20-10-2020;555;826,9;10;14,9;6;8,9
383;Castricum;35986;07-10-2020;20-10-2020;160;444,6;2;5,6;0;0
109;Coevorden;35297;07-10-2020;20-10-2020;135;382,5;0;0;0;0
1706;Cranendonck;21138;07-10-2020;20-10-2020;124;586,6;0;0;0;0
1684;Cuijk;25130;07-10-2020;20-10-2020;133;529,2;3;11,9;0;0
216;Culemborg;28955;07-10-2020;20-10-2020;207;714,9;1;3,5;1;3,5
148;Dalfsen;28587;07-10-2020;20-10-2020;158;552,7;1;3,5;0;0
1891;Dantumadiel;18922;07-10-2020;20-10-2020;32;169,1;0;0;0;0
310;De Bilt;43137;07-10-2020;20-10-2020;326;755,7;2;4,6;0;0
1940;De Fryske Marren;51564;07-10-2020;20-10-2020;188;364,6;3;5,8;1;1,9
736;De Ronde Venen;44456;07-10-2020;20-10-2020;271;609,6;5;11,2;1;2,2
1690;De Wolden;24330;07-10-2020;20-10-2020;93;382,2;3;12,3;0;0
503;Delft;103595;07-10-2020;20-10-2020;813;784,8;2;1,9;3;2,9
400;Den Helder;56296;07-10-2020;20-10-2020;161;286;3;5,3;0;0
762;Deurne;32471;07-10-2020;20-10-2020;195;600,5;2;6,2;1;3,1
150;Deventer;100719;07-10-2020;20-10-2020;443;439,8;0;0;3;3
384;Diemen;30780;07-10-2020;20-10-2020;302;981,2;3;9,7;1;3,2
1774;Dinkelland;26461;07-10-2020;20-10-2020;279;1054,4;1;3,8;0;0
221;Doesburg;11077;07-10-2020;20-10-2020;75;677,1;0;0;0;0
222;Doetinchem;58001;07-10-2020;20-10-2020;298;513,8;3;5,2;1;1,7
766;Dongen;26222;07-10-2020;20-10-2020;149;568,2;4;15,3;0;0
505;Dordrecht;119284;07-10-2020;20-10-2020;943;790,6;6;5;7;5,9
498;Drechterland;19719;07-10-2020;20-10-2020;117;593,3;0;0;0;0
1719;Drimmelen;27272;07-10-2020;20-10-2020;126;462;0;0;1;3,7
303;Dronten;41555;07-10-2020;20-10-2020;112;269,5;6;14,4;1;2,4
225;Druten;18926;07-10-2020;20-10-2020;89;470,3;3;15,9;0;0
226;Duiven;25126;07-10-2020;20-10-2020;117;465,7;2;8;0;0
1711;Echt-Susteren;31610;07-10-2020;20-10-2020;82;259,4;3;9,5;1;3,2
385;Edam-Volendam;36197;07-10-2020;20-10-2020;354;978;7;19,3;0;0
228;Ede;117165;07-10-2020;20-10-2020;618;527,5;9;7,7;4;3,4
317;Eemnes;9247;07-10-2020;20-10-2020;39;421,8;0;0;0;0
1979;Eemsdelta;45857;07-10-2020;20-10-2020;64;139,6;3;6,5;0;0
770;Eersel;19313;07-10-2020;20-10-2020;141;730,1;2;10,4;1;5,2
1903;Eijsden-Margraten;25768;07-10-2020;20-10-2020;116;450,2;3;11,6;0;0
772;Eindhoven;234394;07-10-2020;20-10-2020;1232;525,6;15;6,4;9;3,8
230;Elburg;23161;07-10-2020;20-10-2020;76;328,1;0;0;0;0
114;Emmen;107048;07-10-2020;20-10-2020;602;562,4;10;9,3;2;1,9
388;Enkhuizen;18591;07-10-2020;20-10-2020;57;306,6;1;5,4;0;0
153;Enschede;159640;07-10-2020;20-10-2020;1114;697,8;5;3,1;3;1,9
232;Epe;33178;07-10-2020;20-10-2020;117;352,6;1;3;0;0
233;Ermelo;27008;07-10-2020;20-10-2020;77;285,1;0;0;0;0
777;Etten-Leur;43878;07-10-2020;20-10-2020;337;768;3;6,8;1;2,3
779;Geertruidenberg;21544;07-10-2020;20-10-2020;123;570,9;2;9,3;0;0
1771;Geldrop-Mierlo;39726;07-10-2020;20-10-2020;197;495,9;0;0;0;0
1652;Gemert-Bakel;30723;07-10-2020;20-10-2020;136;442,7;1;3,3;0;0
907;Gennep;16921;07-10-2020;20-10-2020;56;330,9;0;0;0;0
784;Gilze en Rijen;26431;07-10-2020;20-10-2020;146;552,4;0;0;1;3,8
1924;Goeree-Overflakkee;50049;07-10-2020;20-10-2020;229;457,6;4;8;1;2
664;Goes;38082;07-10-2020;20-10-2020;85;223,2;4;10,5;0;0
785;Goirle;23904;07-10-2020;20-10-2020;118;493,6;0;0;1;4,2
1942;Gooise Meren;58055;07-10-2020;20-10-2020;363;625,3;2;3,4;0;0
512;Gorinchem;37022;07-10-2020;20-10-2020;240;648,3;0;0;0;0
513;Gouda;73427;07-10-2020;20-10-2020;571;777,6;4;5,4;3;4,1
786;Grave;12436;07-10-2020;20-10-2020;76;611,1;0;0;0;0
